iterations,temps,distance,temperature,memory
5000,0.9024307727813721,570.6846208609013,0.6721111959865606,52412416
10000,1.5876245498657227,520.3591175020194,0.4520495689035214,66330624
15000,2.0777747631073,520.3591175020194,0.3038679424228721,66670592
20000,2.571260452270508,503.9289857185224,0.20426018026358692,66670592
25000,3.0639700889587402,383.94263089369775,0.13730379357770844,66936832
30000,3.5529563426971436,383.94263089369775,9.23079397837336,67399680
35000,4.0445473194122314,383.94263089369775,6.204944249678936,67399680
40000,4.5348286628723145,383.94263089369775,4.170966574687698,67399680
