iterations,temps,distance,temperature,memory
5000,0.8875911235809326,558.3460985103533,0.6721111959865606,52985856
10000,1.5210630893707275,537.4885045061112,0.4520495689035214,66854912
15000,2.0100128650665283,537.4885045061112,0.3038679424228721,67190784
20000,2.499981641769409,537.4885045061112,0.20426018026358692,67190784
25000,2.9918086528778076,537.4885045061112,0.13730379357770844,67457024
30000,3.4595417976379395,537.4885045061112,9.23079397837336,67915776
35000,3.9501357078552246,383.9426308936978,6.204944249678936,67915776
40000,4.416807413101196,383.9426308936978,4.170966574687698,67915776
45000,4.944460391998291,383.9426308936978,2.8037257817525405,68276224
