iterations,temps,distance,temperature
5000,0.6726222038269043,394.0393228983444,0.6721111959865606
10000,1.224958896636963,388.92345886053005,0.4520495689035214
15000,1.6406912803649902,357.8642383206773,0.3038679424228721
20000,2.0548038482666016,357.8642383206773,0.20426018026358692
25000,2.5010344982147217,357.8642383206773,0.13730379357770844
30000,2.9658334255218506,357.8642383206773,9.23079397837336
35000,3.3777987957000732,357.8642383206773,6.204944249678936
40000,3.7791998386383057,357.8642383206773,4.170966574687698
45000,4.1899638175964355,357.8642383206773,2.8037257817525405
